Review,Sentiment
"I absolutely loved this movie! The acting was superb.",Positive
"The plot was confusing and the ending was disappointing.",Negative
"Wow, what a fantastic film! I was on the edge of my seat.",Positive
"This movie was a waste of time. The story went nowhere.",Negative
"Incredible visuals and a gripping story. Highly recommend!",Positive
"I couldn't stand this movie. Terrible acting.",Negative
"A true masterpiece. The direction and acting were top-notch.",Positive
"I've never been so bored in a movie. Complete letdown.",Negative
"The humor in this movie was spot-on. Laughed so much!",Positive
"Avoid this movie at all costs. It was painful to watch.",Negative
"The cinematography was breathtaking. A visual treat.",Positive
"I don't understand the hype. Overrated and dull.",Negative
"Heartwarming and emotional. I cried multiple times.",Positive
"This movie lacked substance. I was thoroughly disappointed.",Negative
"The performances were stellar. A must-see for sure.",Positive
"I couldn't connect with the characters. Flat and uninspiring.",Negative
"An absolute classic. This movie will stand the test of time.",Positive
"Terrible from start to finish. I regret watching it.",Negative
"Engaging storyline and great character development.",Positive
"I can't believe I wasted money on this awful movie.",Negative
"Pure entertainment! I had a smile on my face throughout.",Positive
"I wish I could get back the time I spent on this film.",Negative
"Thrilling plot with unexpected twists. A must-watch!",Positive
"A snooze fest. Fell asleep halfway through the movie.",Negative
"Charming and delightful. I couldn't stop smiling.",Positive
"This movie left me feeling unsatisfied and frustrated.",Negative
"Action-packed and visually stunning. A cinematic marvel.",Positive
"I'll never get those two hours of my life back. Awful movie.",Negative
"Emotionally resonant and beautifully directed. A gem.",Positive
"I don't understand the positive reviews. This was terrible.",Negative
"Laugh-out-loud funny. I had a great time watching it.",Positive
"I was bored to tears. The story had no depth at all.",Negative
"Captivating from beginning to end. A true masterpiece.",Positive
"I felt like I was wasting my time the entire movie.",Negative
"Powerful performances that left a lasting impression.",Positive
"Predictable and clichéd. I expected more from this.",Negative
"An instant favorite. I'll be watching this again and again.",Positive
"This movie was a disaster. I couldn't wait for it to end.",Negative
"Beautifully shot and emotionally engaging. Highly recommended.",Positive
"I have no words for how disappointed I am. Avoid it.",Negative
"Unique and thought-provoking. It stayed with me after.",Positive
"I wouldn't wish this movie on my worst enemy. Terrible.",Negative
"Visually stunning but lacking in substance. Disappointed.",Negative
"An emotional roller-coaster. I was in tears by the end.",Positive
"I'd rate this movie zero stars if I could. Absolutely awful.",Negative
