[{"name":"Toyota Corolla"},{"name":"Toyota C-HR"},{"name":"Toyota Yaris"},{"name":"Toyota Corolla iM"},{"name":"Honda Accord"},{"name":"Honda HR-V"},{"name":"Honda Civic"},{"name":"Toyota Camry"},{"name":"Toyota Tacoma Double Cab"},{"name":"Honda Pilot"},{"name":"Honda CR-V"},{"name":"Toyota Highlander"},{"name":"Honda Insight"},{"name":"Honda Fit"},{"name":"Toyota Prius"},{"name":"Toyota Sequoia"},{"name":"Honda Ridgeline"},{"name":"Toyota Tundra CrewMax"},{"name":"Toyota Avalon"},{"name":"Honda Clarity Plug-in Hybrid"},{"name":"Honda Accord Hybrid"},{"name":"Toyota Sienna"},{"name":"Toyota Tundra Double Cab"},{"name":"Honda Odyssey"},{"name":"Toyota GR Supra"},{"name":"Toyota Prius Prime"},{"name":"Toyota Corolla Cross"},{"name":"Toyota Camry Hybrid"},{"name":"Toyota Corolla Hatchback"},{"name":"Toyota Corolla Hybrid"},{"name":"Honda CR-V Hybrid"},{"name":"Honda Passport"},{"name":"Toyota Venza"},{"name":"Toyota Tacoma Access Cab"},{"name":"Toyota Tundra Hybrid CrewMax"},{"name":"Honda Civic Type R"},{"name":"Toyota Highlander Hybrid"},{"name":"Toyota Yaris Hatchback"},{"name":"Toyota Yaris iA"}]
