[{"name":"Chevrolet Trax"},{"name":"GMC Terrain"},{"name":"Jeep Wrangler"},{"name":"Jeep Renegade"},{"name":"BMW X"},{"name":"Buick Encore"},{"name":"Jeep Compass"},{"name":"Jeep Patriot"},{"name":"Chrysler Sebring"},{"name":"Subaru Legacy"},{"name":"Subaru XV Crosstrek"},{"name":"Mitsubishi Eclipse Cross"},{"name":"Toyota Corolla"},{"name":"Nissan Pathfinder"},{"name":"Lincoln MKC"},{"name":"Lexus ES"},{"name":"Dodge Grand Caravan Passenger"},{"name":"Ford Escape"},{"name":"Mitsubishi Mirage G"},{"name":"Toyota C-HR"},{"name":"Toyota Yaris"},{"name":"MAZDA CX-"},{"name":"Nissan Rogue Sport"},{"name":"Volkswagen Atlas"},{"name":"MAZDA MAZDA"},{"name":"Nissan Sentra"},{"name":"Honda Civic"},{"name":"Nissan Rogue"},{"name":"Toyota Corolla iM"},{"name":"Subaru Forester"},{"name":"Volkswagen Jetta"},{"name":"FIAT"},{"name":"Honda Accord"},{"name":"Hyundai Sonata"},{"name":"GMC Acadia"},{"name":"Kia Optima"},{"name":"Hyundai Veloster"},{"name":"Hyundai Elantra"},{"name":"FIAT  Spider"},{"name":"Honda Odyssey"},{"name":"Volkswagen Tiguan"},{"name":"Acura RDX"},{"name":"Jeep Grand Cherokee"},{"name":"Chrysler Voyager"},{"name":"Hyundai Accent"},{"name":"Honda CR-V"},{"name":"INFINITI QX"},{"name":"Chevrolet Traverse"},{"name":"Mitsubishi Outlander Sport"},{"name":"Hyundai Kona"},{"name":"Nissan Frontier King Cab"},{"name":"Chevrolet Spark"},{"name":"Nissan Altima"},{"name":"Kia Soul"},{"name":"Ford Fusion"},{"name":"Ford Edge"},{"name":"Chevrolet Sonic"},{"name":"Buick Enclave"},{"name":"Kia Forte"},{"name":"Scion tC"},{"name":"Dodge Journey"},{"name":"Audi A Sportback e-tron"},{"name":"Mitsubishi Outlander"},{"name":"Alfa Romeo Giulia"},{"name":"Chevrolet Cruze"},{"name":"Nissan Kicks"},{"name":"Ford Fiesta"},{"name":"BMW  Series"},{"name":"Kia Sportage"},{"name":"Ford Mustang"},{"name":"Volkswagen Passat"},{"name":"Lexus IS"},{"name":"Acura MDX"},{"name":"Kia Cadenza"},{"name":"Hyundai Tucson"},{"name":"Toyota Camry"},{"name":"Volkswagen Jetta SportWagen"},{"name":"MINI Hardtop  Door"},{"name":"Cadillac CTS"},{"name":"Kia Sedona"},{"name":"Kia Rio"},{"name":"Ram  Regular Cab"},{"name":"Chevrolet Impala"},{"name":"Chevrolet Equinox"},{"name":"Chrysler Pacifica"},{"name":"Nissan Murano"},{"name":"Subaru Impreza"},{"name":"Chevrolet Volt"},{"name":"MINI Coupe"},{"name":"Mercedes-Benz SLK-Class"},{"name":"Toyota Prius v"},{"name":"Nissan Versa"},{"name":"FIAT  Abarth"},{"name":"Ford Explorer"},{"name":"Nissan LEAF"},{"name":"Jeep Cherokee"},{"name":"FIAT X"},{"name":"Ford EcoSport"},{"name":"MINI Convertible"},{"name":"Dodge Avenger"},{"name":"Chevrolet Camaro"},{"name":"Volkswagen Beetle"},{"name":"Buick LaCrosse"},{"name":"Ford Focus"},{"name":"Volvo S"},{"name":"Toyota Yaris iA"},{"name":"Honda Fit"},{"name":"Toyota Sienna"},{"name":"Toyota Prius"},{"name":"Chrysler"},{"name":"Nissan Maxima"},{"name":"Nissan JUKE"},{"name":"Ford F Super Cab"},{"name":"Chevrolet Malibu"},{"name":"Toyota Prius c"},{"name":"Volkswagen Tiguan Limited"},{"name":"Kia Optima Hybrid"},{"name":"MAZDA MX- Miata"},{"name":"Honda HR-V"},{"name":"Kia Sorento"},{"name":"Chevrolet Cruze Limited"},{"name":"Mercedes-Benz GLA"},{"name":"Toyota Avalon"},{"name":"Dodge Charger"},{"name":"Scion FR-S"},{"name":"Chevrolet Captiva Sport"},{"name":"Chevrolet Trailblazer"},{"name":"Honda CR-Z"},{"name":"BMW i"},{"name":"Acura TLX"},{"name":"Kia Niro"},{"name":"Acura RLX"},{"name":"Nissan Rogue Select"},{"name":"Nissan Frontier Crew Cab"},{"name":"Mercedes-Benz C-Class"},{"name":"Lexus GS"},{"name":"Ford Taurus"},{"name":"MAZDA Tribute"},{"name":"Chrysler Town & Country"},{"name":"Ford Flex"},{"name":"Toyota RAV"},{"name":"MINI Countryman"},{"name":"Honda Pilot"},{"name":"INFINITI Q"},{"name":"Chevrolet Blazer"},{"name":"INFINITI EX"},{"name":"Dodge Dart"},{"name":"MINI Clubman"},{"name":"Lexus RX"},{"name":"Toyota Tacoma Double Cab"},{"name":"Hyundai Venue"},{"name":"Subaru Outback"},{"name":"Jeep Gladiator"},{"name":"MINI Hardtop"},{"name":"Mitsubishi Mirage"},{"name":"Lexus GX"},{"name":"Kia Seltos"},{"name":"Cadillac XT"},{"name":"Hyundai Santa Fe Sport"},{"name":"Cadillac ATS"},{"name":"Toyota Runner"},{"name":"Subaru Crosstrek"},{"name":"INFINITI G"},{"name":"FIAT L"},{"name":"Nissan Z"},{"name":"Volkswagen Golf SportWagen"},{"name":"Volkswagen Golf"},{"name":"Mercedes-Benz E-Class"},{"name":"Volvo C"},{"name":"Kia Soul EV"},{"name":"Cadillac SRX"},{"name":"smart fortwo"},{"name":"Acura ILX"},{"name":"Toyota Camry Hybrid"},{"name":"Volkswagen Touareg"},{"name":"Scion iQ"},{"name":"Lincoln MKX"},{"name":"MINI Roadster"},{"name":"Buick Verano"},{"name":"Mercedes-Benz CLA-Class"},{"name":"Toyota Highlander"},{"name":"Kia K"},{"name":"Lincoln MKZ"},{"name":"Chevrolet Colorado Extended Cab"},{"name":"Buick Envision"},{"name":"Acura TSX"},{"name":"GMC Yukon"},{"name":"Mercedes-Benz M-Class"},{"name":"Volkswagen Golf GTI"},{"name":"Audi Q"},{"name":"Acura TL"},{"name":"Lexus CT"},{"name":"Mercedes-Benz CLA"},{"name":"Buick Cascada"},{"name":"Scion xD"},{"name":"MINI Paceman"},{"name":"Hyundai Ioniq Hybrid"},{"name":"Mercedes-Benz GLC"},{"name":"Chevrolet Colorado Crew Cab"},{"name":"Ford F SuperCrew Cab"},{"name":"Ford Bronco Sport"},{"name":"Ford Expedition"},{"name":"Chevrolet Silverado  Crew Cab"},{"name":"Chevrolet Suburban"},{"name":"Nissan Armada"},{"name":"Scion iM"},{"name":"Land Rover Range Rover Evoque"},{"name":"Lincoln MKS"},{"name":"Lexus LC"},{"name":"Land Rover LR"},{"name":"Hyundai Genesis"},{"name":"Toyota Sequoia"},{"name":"INFINITI M"},{"name":"Land Rover Range Rover Velar"},{"name":"Chevrolet Impala Limited"},{"name":"Chevrolet Spark EV"},{"name":"Chevrolet Silverado  Double Cab"},{"name":"Buick Regal"},{"name":"Audi A"},{"name":"Kia Telluride"},{"name":"Mercedes-Benz SL-Class"},{"name":"Dodge Durango"},{"name":"Mercedes-Benz GLE"},{"name":"Honda Insight"},{"name":"Toyota Venza"},{"name":"Toyota Tundra Double Cab"},{"name":"smart fortwo electric drive"},{"name":"Buick Encore GX"},{"name":"Volvo XC"},{"name":"Mitsubishi i-MiEV"},{"name":"Ford Fusion Energi"},{"name":"Toyota Tacoma Access Cab"},{"name":"Subaru Ascent"},{"name":"Hyundai Santa Fe"},{"name":"Jeep Wrangler Unlimited"},{"name":"Volkswagen Routan"},{"name":"Volkswagen Eos"},{"name":"Audi S"},{"name":"GMC Acadia Limited"},{"name":"Hyundai Elantra GT"},{"name":"Mercedes-Benz CLK-Class"},{"name":"GMC Yukon XL"},{"name":"Hyundai Sonata Hybrid"},{"name":"Ford Expedition MAX"},{"name":"Dodge Challenger"},{"name":"Honda Crosstour"},{"name":"Land Rover Range Rover Sport"},{"name":"Subaru WRX"},{"name":"Ford C-MAX Energi"},{"name":"Volkswagen e-Golf"},{"name":"Volkswagen CC"},{"name":"Volvo V"},{"name":"Ford Mustang MACH-E"},{"name":"Mercedes-Benz A-Class"},{"name":"Volkswagen GTI"},{"name":"Ram  Crew Cab"},{"name":"Lexus HS"},{"name":"Nissan Versa Note"},{"name":"Lincoln Town Car"},{"name":"Cadillac XTS"},{"name":"MAZDA MX- Miata RF"},{"name":"Chevrolet Tahoe"},{"name":"Kia Forte Koup"},{"name":"Scion xB"},{"name":"BMW M"},{"name":"Toyota GR"},{"name":"Tesla Model Y"},{"name":"Volkswagen ID."},{"name":"Nissan Xterra"},{"name":"Mercedes-Benz GLK-Class"},{"name":"Toyota Prius Plug-in Hybrid"},{"name":"Lexus NX"},{"name":"Hyundai Azera"},{"name":"Scion iA"},{"name":"Chevrolet Corvette"},{"name":"Hyundai IONIQ"},{"name":"Tesla Model"},{"name":"Kia Carnival"},{"name":"Mercedes-Benz CLS-Class"},{"name":"Tesla Model S"},{"name":"Tesla Model X"},{"name":"Jaguar F-TYPE"},{"name":"Nissan Titan Crew Cab"},{"name":"Jaguar XF"},{"name":"Polestar"},{"name":"Audi TT"},{"name":"Porsche"},{"name":"Ford Ranger SuperCrew"},{"name":"Lexus RC"},{"name":"Honda Ridgeline"},{"name":"Ford F Regular Cab"},{"name":"Toyota RAV Hybrid"},{"name":"Toyota Tundra CrewMax"},{"name":"GMC Sierra  Double Cab"},{"name":"Kia Sorento Plug-in Hybrid"},{"name":"Ram  Quad Cab"},{"name":"Kia Sorento Hybrid"},{"name":"Honda Clarity Plug-in Hybrid"},{"name":"Ford Bronco"},{"name":"Honda Accord Hybrid"},{"name":"Porsche Boxster"},{"name":"Porsche Macan"},{"name":"Toyota GR Supra"},{"name":"Toyota Prius Prime"},{"name":"Toyota Corolla Cross"},{"name":"Genesis G"},{"name":"Mercedes-Benz SL"},{"name":"Jaguar XE"},{"name":"Lincoln Corsair"},{"name":"GMC Sierra  Crew Cab"},{"name":"Mercedes-Benz Mercedes-AMG GLE Coupe"},{"name":"Maserati Levante"},{"name":"Cadillac CT"},{"name":"Land Rover Discovery"},{"name":"Ram  Classic Quad Cab"},{"name":"Chevrolet Silverado  HD Crew Cab"},{"name":"Land Rover Discovery Sport"},{"name":"Maserati Ghibli"},{"name":"Volkswagen Atlas Cross Sport"},{"name":"Kia Stinger"},{"name":"BMW Z"},{"name":"Toyota FJ Cruiser"},{"name":"Toyota Corolla Hatchback"},{"name":"Audi e-tron"},{"name":"GMC Canyon Crew Cab"},{"name":"Chevrolet Silverado  HD Regular Cab"},{"name":"Porsche  Cayman"},{"name":"Hyundai Palisade"},{"name":"Hyundai Santa Cruz"},{"name":"Jaguar E-PACE"},{"name":"Toyota Corolla Hybrid"},{"name":"Chevrolet Silverado  Limited Crew Cab"},{"name":"Cadillac ELR"},{"name":"Hyundai Tucson Hybrid"},{"name":"Alfa Romeo C Spider"},{"name":"Acura MDX Sport Hybrid"},{"name":"Honda CR-V Hybrid"},{"name":"Jaguar XJ"},{"name":"Alfa Romeo Stelvio"},{"name":"Honda Passport"},{"name":"Kia EV"},{"name":"Porsche Cayenne"},{"name":"Lincoln Nautilus"},{"name":"Jaguar F-PACE"},{"name":"Ford Maverick"},{"name":"Mercedes-Benz S-Class"},{"name":"Lincoln Navigator"},{"name":"Mitsubishi Outlander PHEV"},{"name":"Mercedes-Benz Mercedes-AMG C-Class"},{"name":"Ram  Classic Crew Cab"},{"name":"Toyota"},{"name":"Mercedes-Benz GLB"},{"name":"Mercedes-Benz GLS"},{"name":"Maserati Quattroporte"},{"name":"Jeep Wagoneer"},{"name":"Mercedes-Benz SLC"},{"name":"Kia Niro EV"},{"name":"Jeep Grand Cherokee L"},{"name":"Mercedes-Benz GLA-Class"},{"name":"GMC Sierra  Limited Crew Cab"},{"name":"Mercedes-Benz Mercedes-AMG SLC"},{"name":"Honda Civic Type R"},{"name":"Ford Transit Connect Passenger Wagon"},{"name":"Toyota Tundra Hybrid CrewMax"},{"name":"Ford Transit  Wagon"},{"name":"Lexus UX"},{"name":"Jeep Liberty"},{"name":"Porsche Panamera"},{"name":"Land Rover Range Rover"},{"name":"Maserati GranTurismo"},{"name":"Volkswagen Jetta GLI"},{"name":"Nissan TITAN XD Crew Cab"},{"name":"Ford Expedition EL"},{"name":"Toyota Highlander Hybrid"},{"name":"Ford F Lightning"},{"name":"Mercedes-Benz Mercedes-AMG GLC"},{"name":"Hyundai Genesis Coupe"},{"name":"Chevrolet Bolt EV"},{"name":"Cadillac Escalade ESV"},{"name":"Honda Accord Crosstour"},{"name":"Nissan Quest"},{"name":"Ford Transit Connect Passenger"},{"name":"Mitsubishi Lancer"},{"name":"Hyundai Veracruz"},{"name":"Pontiac Solstice"},{"name":"Buick Lucerne"},{"name":"Ford Focus ST"},{"name":"Mercedes-Benz B-Class"},{"name":"Subaru BRZ"},{"name":"INFINITI FX"},{"name":"Hyundai Sonata Plug-in Hybrid"},{"name":"GMC Sierra  Regular Cab"},{"name":"Chevrolet Suburban"},{"name":"Hyundai Ioniq Plug-in Hybrid"},{"name":"Hyundai Equus"},{"name":"GMC Yukon XL"},{"name":"Buick Regal Sportback"},{"name":"Chevrolet City Express"},{"name":"smart fortwo electric drive cabrio"},{"name":"INFINITI JX"},{"name":"Chevrolet Silverado  Regular Cab"},{"name":"Volkswagen Golf Alltrack"},{"name":"Volkswagen New Beetle"},{"name":"Toyota Matrix"},{"name":"Chevrolet Malibu Limited"},{"name":"FIAT c Abarth"},{"name":"Ram  Classic Regular Cab"},{"name":"Audi allroad"},{"name":"Cadillac DTS"},{"name":"Toyota Yaris Hatchback"},{"name":"Saturn SKY"},{"name":"Ford C-MAX Hybrid"},{"name":"Mercedes-Benz R-Class"},{"name":"Lexus LS"},{"name":"Hyundai Ioniq Electric"}]